,Sales,Assets,Sector
0,151.4,3473.2,Financials
1,134.2,3016.6,Financials
2,222.9,620.9,Financials
3,102.5,2513.0,Financials
4,97.6,1943.4,Financials
5,115.7,2816.0,Financials
6,92.2,2196.8,Financials
7,113.1,2611.5,Financials
8,217.5,331.1,Information Technology
9,249.9,412.5,Consumer Discretionary
10,163.8,403.8,Telecommunication Services
11,84.0,1795.1,Financials
12,197.5,330.3,Energy
13,119.7,365.2,Industrials
14,174.0,217.1,Information Technology
15,106.6,801.0,Financials
16,485.3,198.8,Consumer Discretionary
17,126.0,244.2,Telecommunication Services
18,85.3,224.6,Information Technology
19,234.8,411.3,Energy
20,115.7,935.9,Financials
21,106.8,218.9,Telecommunication Services
22,74.7,2190.7,Financials
23,89.9,167.5,Information Technology
24,255.7,216.7,Energy
25,128.1,231.0,Energy
26,132.2,925.9,Financials
27,169.5,256.3,Consumer Discretionary
28,240.3,458.7,Consumer Discretionary
29,49.2,2589.8,Financials
30,80.4,180.5,Consumer Discretionary
31,71.9,141.2,Health Care
32,48.3,1412.4,Financials
33,53.0,1209.2,Financials
34,90.8,129.8,Consumer Staples
35,184.9,125.0,Health Care
36,105.0,180.3,Telecommunication Services
37,61.3,419.9,Financials
38,82.1,213.2,Telecommunication Services
39,91.4,265.4,Energy
40,166.4,221.7,Consumer Discretionary
41,44.5,855.1,Financials
42,79.9,117.5,Information Technology
43,35.3,891.1,Financials
44,123.7,2522.1,Consumer Discretionary
45,65.2,117.0,Consumer Staples
46,52.8,171.6,Health Care
47,62.1,2375.0,Financials
48,36.9,860.2,Financials
49,88.4,133.1,Industrials
50,104.2,210.3,Consumer Discretionary
51,82.8,388.7,Financials
52,53.6,891.3,Financials
53,59.4,113.3,Information Technology
54,48.0,1189.4,Financials
55,43.0,415.6,Financials
56,31.9,910.4,Financials
57,48.6,126.2,Information Technology
58,30.9,703.6,Financials
59,37.9,816.0,Financials
60,48.5,130.4,Health Care
61,70.2,362.4,Financials
62,44.3,872.1,Financials
63,151.8,238.0,Consumer Discretionary
64,40.1,842.8,Financials
65,177.5,94.5,Financials
66,54.9,91.6,Consumer Discretionary
67,96.9,569.0,Financials
68,56.3,784.0,Financials
69,37.4,125.4,Information Technology
70,140.8,201.4,Industrials
71,49.1,933.6,Materials
72,94.6,90.0,Industrials
73,127.9,161.8,Consumer Discretionary
74,40.2,848.7,Financials
75,27.8,642.7,Financials
76,80.9,156.6,Telecommunication Services
77,39.7,853.5,Financials
78,51.3,75.6,Health Care
79,38.0,920.0,Financials
80,26.7,680.3,Financials
81,74.9,193.2,Energy
82,136.0,86.0,Consumer Discretionary
83,62.8,74.1,Consumer Staples
84,30.5,1648.8,Financials
85,41.5,87.3,Consumer Staples
86,57.4,89.7,Industrials
87,37.4,110.4,Health Care
88,51.8,90.1,Materials
89,29.0,1752.3,Financials
90,67.3,364.3,Financials
91,26.5,701.0,Financials
92,63.7,83.9,Materials
93,116.1,72.5,Consumer Discretionary
94,105.9,157.3,Consumer Discretionary
95,22.0,451.0,Financials
96,34.0,158.9,Financials
97,135.2,80.4,Information Technology
98,75.9,164.1,Utilities
99,39.6,95.4,Health Care
100,24.2,595.3,Financials
101,214.8,344.9,Energy
102,58.3,59.5,Consumer Staples
103,80.7,148.1,Consumer Discretionary
104,27.3,771.9,Financials
105,41.8,97.9,Energy
106,29.0,153.2,Consumer Discretionary
107,112.7,85.0,Consumer Discretionary
108,31.9,159.8,Financials
109,57.6,130.4,Telecommunication Services
110,26.5,183.0,Financials
111,28.0,1457.9,
112,48.1,79.5,Materials
113,94.6,43.0,Consumer Discretionary
114,23.4,1010.5,Financials
115,29.4,97.6,Health Care
116,26.5,120.5,Consumer Staples
117,35.4,84.5,Materials
118,27.6,65.0,Information Technology
119,68.8,286.9,Financials
120,24.8,764.8,Financials
121,29.2,1499.0,Financials
122,33.9,89.3,Materials
123,34.0,119.5,Materials
124,33.5,130.7,Energy
125,45.6,261.1,Consumer Staples
126,29.4,58.5,Information Technology
127,27.9,357.0,Financials
128,74.6,83.2,Energy
129,43.6,207.6,Financials
130,22.7,77.6,Health Care
131,57.3,430.6,Financials
132,19.7,531.1,Financials
133,30.3,57.0,Health Care
134,64.1,115.3,Industrials
135,39.3,54.1,Industrials
136,38.9,511.3,Consumer Discretionary
137,51.9,147.2,Utilities
138,90.5,553.0,Financials
139,21.5,70.7,Telecommunication Services
140,43.2,52.3,Telecommunication Services
141,53.0,93.9,Telecommunication Services
142,25.6,66.1,Health Care
143,44.6,189.5,Financials
144,32.3,112.5,Utilities
145,78.8,297.1,Utilities
146,16.1,369.4,Financials
147,22.8,57.0,Information Technology
148,15.0,129.0,Health Care
149,26.1,578.5,Financials
150,18.6,1607.7,Financials
151,49.9,47.8,Industrials
152,29.3,66.0,Consumer Discretionary
153,22.7,132.8,Utilities
154,85.2,65.1,
155,27.1,99.1,Materials
156,15.1,649.6,Financials
157,100.5,51.7,Health Care
158,60.5,40.4,Industrials
159,63.2,69.1,Health Care
160,26.5,82.3,Materials
161,42.6,72.9,Industrials
162,15.6,333.5,Financials
163,56.7,107.7,Consumer Discretionary
164,95.4,108.6,Industrials
165,73.7,126.2,Industrials
166,93.2,109.3,Industrials
167,33.7,119.5,Financials
168,37.1,71.5,Industrials
169,23.8,52.4,Information Technology
170,48.8,76.7,Information Technology
171,19.9,49.1,Consumer Staples
172,16.0,63.4,Financials
173,40.3,144.0,Financials
174,64.7,905.2,Financials
175,23.0,62.5,Health Care
176,19.3,45.9,Consumer Staples
177,24.4,46.7,Information Technology
178,121.2,35.6,Consumer Discretionary
179,27.7,101.7,
180,26.7,36.9,Consumer Staples
181,19.9,56.8,Industrials
182,39.6,58.9,Industrials
183,19.9,109.7,
184,65.0,34.4,Energy
185,21.9,81.7,Utilities
186,105.5,571.2,Financials
187,196.5,57.9,Health Care
188,43.7,68.3,Consumer Discretionary
189,48.7,63.4,Energy
190,55.7,438.8,Financials
191,28.1,49.2,
192,14.6,393.7,Financials
193,57.6,46.8,Industrials
194,37.6,73.0,Health Care
195,63.4,40.6,Industrials
196,30.1,32.9,Industrials
197,28.6,37.6,Industrials
198,22.7,129.8,Financials
199,36.3,110.4,Financials
200,85.8,82.7,Information Technology
201,24.9,159.8,Financials
202,31.7,54.0,Telecommunication Services
203,15.2,90.0,Utilities
204,11.2,220.2,Financials
205,44.9,39.4,Consumer Discretionary
206,47.8,178.3,Financials
207,74.3,511.1,Financials
208,39.7,60.3,Health Care
209,71.2,51.7,Energy
210,75.7,46.8,Energy
211,26.1,64.0,Energy
212,25.9,61.5,Consumer Discretionary
213,64.6,129.7,Financials
214,24.6,31.0,Consumer Discretionary
215,56.8,75.1,Materials
216,26.5,66.1,Industrials
217,44.0,72.0,Industrials
218,19.7,40.7,Consumer Staples
219,24.6,40.0,Materials
220,21.2,38.8,Health Care
221,66.6,52.7,Consumer Discretionary
222,13.4,80.1,Financials
223,122.8,110.1,
224,27.3,68.5,Consumer Discretionary
225,11.7,197.6,Financials
226,69.5,37.4,Consumer Discretionary
227,32.2,49.0,Health Care
228,19.9,45.3,Industrials
229,11.7,494.2,Financials
230,31.4,32.9,Industrials
231,12.5,51.1,Consumer Staples
232,41.1,43.6,Consumer Discretionary
233,19.4,33.7,Health Care
234,34.2,48.7,
235,33.8,39.7,Industrials
236,32.2,114.9,Utilities
237,29.0,252.2,Financials
238,19.9,188.7,Financials
239,38.4,68.4,Energy
240,115.3,37.5,Consumer Staples
241,20.9,55.0,Health Care
242,41.5,33.8,Health Care
243,43.7,493.3,Financials
244,10.3,333.5,Financials
245,19.9,57.7,Energy
246,40.2,51.3,Financials
247,11.3,221.2,Financials
248,33.8,23.2,Financials
249,27.3,44.1,Industrials
250,18.3,45.9,Utilities
251,24.3,46.4,Consumer Staples
252,24.1,219.1,Financials
253,20.1,46.5,Materials
254,15.9,340.9,Financials
255,22.8,95.5,Financials
256,13.4,306.3,Financials
257,11.4,110.3,Financials
258,11.3,290.3,Financials
259,26.7,56.3,Consumer Staples
260,15.2,37.4,Consumer Staples
261,16.1,51.0,Industrials
262,20.0,68.7,Consumer Discretionary
263,54.1,37.3,Energy
264,14.2,327.6,Financials
265,31.3,44.1,Industrials
266,15.1,90.2,Financials
267,43.2,46.2,Materials
268,36.6,45.4,Industrials
269,16.5,38.7,Consumer Discretionary
270,48.7,28.2,Information Technology
271,35.7,20.1,Information Technology
272,23.0,85.1,Financials
273,10.6,242.7,Financials
274,35.3,44.7,Industrials
275,25.7,21.2,Consumer Discretionary
276,53.9,49.2,Consumer Staples
277,39.1,34.1,Industrials
278,30.7,31.9,Consumer Discretionary
279,17.7,70.9,Utilities
280,127.2,35.0,Health Care
281,18.6,30.2,Telecommunication Services
282,11.4,71.6,Utilities
283,14.8,369.1,Financials
284,24.1,30.1,Industrials
285,20.7,30.0,Consumer Staples
286,56.0,44.4,Energy
287,16.6,41.1,Health Care
288,59.8,48.2,Consumer Discretionary
289,41.2,39.5,Consumer Discretionary
290,62.4,39.8,Consumer Staples
291,30.7,428.1,Financials
292,14.6,556.7,Financials
293,13.5,203.2,Financials
294,39.2,42.5,Consumer Staples
295,16.4,37.4,Telecommunication Services
296,24.5,28.0,Industrials
297,29.2,23.4,Materials
298,45.8,66.0,Materials
299,21.0,74.3,Telecommunication Services
300,8.6,283.7,Financials
301,13.5,312.0,Financials
302,7.6,223.4,Financials
303,45.3,101.5,Financials
304,13.9,60.9,Energy
305,29.4,91.1,Financials
306,25.6,49.7,Utilities
307,19.4,42.7,Consumer Discretionary
308,10.9,236.3,Financials
309,11.9,138.9,Financials
310,22.4,68.3,Financials
311,33.0,34.5,Consumer Discretionary
312,8.7,308.2,Financials
313,27.1,34.1,Industrials
314,148.3,33.9,Health Care
315,23.0,42.1,Consumer Staples
316,30.1,33.3,Materials
317,10.5,92.8,Financials
318,18.2,32.8,Industrials
319,14.3,33.4,Telecommunication Services
320,11.0,367.0,Financials
321,19.7,30.4,Industrials
322,15.4,196.5,Financials
323,38.2,67.7,Financials
324,8.9,204.9,Financials
325,32.8,99.6,Financials
326,13.4,169.0,Financials
327,21.5,50.1,Materials
328,14.5,55.1,Financials
329,55.0,38.3,Utilities
330,11.9,33.0,Telecommunication Services
331,8.2,235.4,Financials
332,29.8,22.7,Financials
333,12.1,40.0,Consumer Discretionary
334,23.9,24.5,Utilities
335,18.7,39.0,Materials
336,45.4,42.1,Consumer Discretionary
337,18.1,225.2,Financials
338,20.4,24.8,Industrials
339,52.2,73.6,Financials
340,12.5,228.0,Financials
341,108.3,3288.0,Financials
342,11.7,139.8,Financials
343,10.6,147.8,Financials
344,87.1,51.5,Consumer Staples
345,11.0,28.1,Health Care
346,32.4,194.4,Health Care
347,15.9,35.5,Health Care
348,14.8,26.7,Information Technology
349,13.8,27.1,Telecommunication Services
350,36.9,22.3,Consumer Staples
351,34.6,71.2,Industrials
352,13.3,22.3,Consumer Staples
353,11.1,36.0,Industrials
354,69.8,2023.4,Financials
355,13.4,263.5,Financials
356,12.9,80.3,Energy
357,35.4,311.2,Financials
358,183.8,263.3,Energy
359,110.5,260.1,Energy
360,23.1,26.7,Consumer Discretionary
361,9.0,51.2,Financials
362,72.1,85.3,Energy
363,15.3,27.2,Consumer Discretionary
364,24.0,29.1,Industrials
365,9.7,230.0,Financials
366,11.9,51.3,Utilities
367,28.3,58.5,Utilities
368,22.0,100.5,Financials
369,21.7,14.0,Consumer Discretionary
370,36.6,27.1,Utilities
371,10.5,22.9,Health Care
372,9.1,28.0,Industrials
373,8.1,64.9,Financials
374,16.6,13.8,Health Care
375,6.3,237.1,Financials
376,17.4,14.5,Information Technology
377,14.5,21.4,Materials
378,10.8,18.7,Information Technology
379,20.9,26.5,Consumer Staples
380,10.8,33.1,Consumer Discretionary
381,23.5,34.3,Financials
382,6.4,289.2,Financials
383,14.9,46.7,Financials
384,7.7,288.5,Financials
385,8.3,74.5,Financials
386,13.4,16.4,Information Technology
387,41.4,37.0,Consumer Staples
388,31.9,29.6,Industrials
389,10.6,26.2,Information Technology
390,12.1,48.3,Utilities
391,7.6,164.1,Financials
392,15.1,28.2,Consumer Discretionary
393,7.6,86.0,Financials
394,16.2,66.2,Utilities
395,28.3,25.9,Consumer Discretionary
396,19.5,206.2,Financials
397,32.4,54.3,Industrials
398,81.1,247.3,Energy
399,9.9,34.9,Industrials
400,33.2,12.9,Consumer Discretionary
401,7.3,40.7,Financials
402,52.4,498.3,Financials
403,10.2,47.8,Utilities
404,25.0,28.9,Industrials
405,37.2,27.8,Utilities
406,9.0,23.8,Consumer Discretionary
407,12.2,38.7,Utilities
408,22.1,208.1,Financials
409,36.4,22.6,Consumer Discretionary
410,6.5,45.3,Utilities
411,15.6,177.5,Energy
412,9.2,548.2,Financials
413,15.7,21.7,Consumer Staples
414,34.7,158.2,Financials
415,10.7,19.8,Financials
416,152.6,193.0,Financials
417,153.7,124.6,Materials
418,60.8,175.7,Telecommunication Services
419,16.9,44.5,Utilities
420,8.6,142.9,Financials
421,19.5,197.0,Financials
422,8.4,86.3,Financials
423,53.1,17.6,Consumer Staples
424,21.1,33.3,Materials
425,12.0,34.1,Telecommunication Services
426,18.2,14.6,Consumer Staples
427,6.1,117.7,Financials
428,9.2,220.8,Financials
429,26.8,40.0,Materials
430,61.6,135.9,Energy
431,13.3,107.4,Utilities
432,9.4,27.9,Information Technology
433,18.5,20.6,Materials
434,31.8,38.1,Materials
435,12.4,24.3,Health Care
436,34.1,27.0,Energy
437,54.4,25.8,Health Care
438,17.2,17.5,Industrials
439,41.6,54.6,Materials
440,44.3,1686.6,Financials
441,20.0,38.6,Consumer Discretionary
442,9.7,33.5,Consumer Staples
443,11.6,26.6,Financials
444,6.0,82.0,Financials
445,11.3,20.4,Health Care
446,21.7,28.6,Consumer Discretionary
447,11.1,70.0,Materials
448,69.2,151.7,Consumer Discretionary
449,24.2,45.6,Utilities
450,11.4,20.5,Consumer Discretionary
451,11.1,41.2,Utilities
452,6.7,142.2,Financials
453,35.1,36.8,Industrials
454,73.7,167.9,
455,14.5,27.5,Consumer Discretionary
456,7.8,67.1,
457,13.2,18.2,Financials
458,13.2,24.2,Consumer Discretionary
459,41.7,27.1,Information Technology
460,45.7,104.5,Energy
461,50.0,30.0,Consumer Staples
462,7.8,80.4,Financials
463,16.8,40.4,Materials
464,13.6,15.2,Industrials
465,16.9,14.0,Energy
466,17.1,24.1,Consumer Discretionary
467,21.3,16.0,Consumer Discretionary
468,10.2,26.6,Utilities
469,11.2,27.9,Consumer Discretionary
470,13.7,25.5,Consumer Discretionary
471,15.2,12.1,Consumer Staples
472,11.5,22.6,Consumer Discretionary
473,11.3,21.0,Materials
474,23.3,67.4,Financials
475,36.6,203.8,Consumer Discretionary
476,31.7,27.7,Consumer Discretionary
477,57.0,129.1,Utilities
478,10.3,46.3,Financials
479,7.5,38.3,Utilities
480,13.6,21.3,Industrials
481,14.7,32.4,Information Technology
482,15.7,29.8,Industrials
483,36.6,437.4,Financials
484,21.9,92.9,Health Care
485,27.8,13.7,Consumer Discretionary
486,20.2,66.1,Energy
487,16.1,46.5,Utilities
488,12.8,19.5,Materials
489,10.9,30.9,Utilities
490,29.9,806.7,Financials
491,11.1,288.3,Financials
492,6.9,39.8,Financials
493,7.5,77.1,Financials
494,27.8,78.0,Energy
495,24.4,906.6,Financials
496,5.7,123.4,Financials
497,16.5,23.9,Industrials
498,11.8,15.2,Information Technology
499,21.6,986.9,Financials
500,14.7,25.9,Telecommunication Services
501,12.5,17.6,Information Technology
502,38.5,74.7,Industrials
503,8.6,36.1,Financials
504,13.0,18.3,Materials
505,22.7,10.9,Consumer Discretionary
506,15.5,23.2,Consumer Discretionary
507,11.0,150.2,Financials
508,15.7,23.0,Industrials
509,6.3,80.7,Financials
510,36.3,35.2,Industrials
511,6.7,410.7,Financials
512,14.7,34.8,Telecommunication Services
513,35.0,37.8,Industrials
514,4.5,90.5,Financials
515,11.8,21.1,Telecommunication Services
516,35.7,13.8,Consumer Discretionary
517,13.0,76.6,Financials
518,23.8,89.8,Energy
519,10.2,15.5,Health Care
520,10.5,19.3,Materials
521,12.9,26.5,Information Technology
522,9.2,88.1,Financials
523,41.3,88.9,Telecommunication Services
524,11.7,304.8,Financials
525,14.7,22.9,Industrials
526,11.7,118.0,Financials
527,12.1,15.9,Health Care
528,22.0,91.8,Energy
529,5.4,31.1,Financials
530,7.5,19.7,Information Technology
531,17.1,22.9,Consumer Discretionary
532,17.5,15.0,Industrials
533,8.1,195.0,Utilities
534,19.4,646.7,Financials
535,50.2,105.5,Utilities
536,13.5,14.3,Information Technology
537,12.7,23.3,Consumer Discretionary
538,11.8,27.6,Materials
539,8.8,40.1,Energy
540,11.0,17.8,Materials
541,8.0,15.8,Energy
542,19.1,20.1,Consumer Staples
543,16.6,128.6,Financials
544,39.2,100.0,Financials
545,5.8,126.7,Financials
546,13.5,17.4,
547,17.5,47.0,Telecommunication Services
548,7.8,153.4,Financials
549,18.4,26.6,Consumer Discretionary
550,5.8,150.6,Financials
551,8.0,48.2,Industrials
552,9.3,16.5,Information Technology
553,17.2,55.5,Financials
554,19.0,14.8,Consumer Staples
555,25.2,228.7,Financials
556,10.1,163.7,Financials
557,35.5,62.6,
558,15.6,40.4,Energy
559,6.2,179.6,Financials
560,25.6,24.6,Consumer Discretionary
561,11.6,67.0,Health Care
562,15.7,17.4,Materials
563,4.8,50.2,Financials
564,63.5,64.3,Industrials
565,10.7,32.0,Utilities
566,23.5,25.1,Financials
567,11.1,63.6,Financials
568,39.4,14.2,Information Technology
569,12.1,13.2,Industrials
570,5.8,33.2,Industrials
571,10.3,70.1,Financials
572,5.5,122.0,Financials
573,17.8,17.0,Materials
574,11.6,42.3,Financials
575,5.2,123.9,Financials
576,3.6,69.4,Financials
577,11.0,22.7,Health Care
578,20.6,89.3,Telecommunication Services
579,5.8,30.9,Financials
580,38.9,22.7,Health Care
581,12.7,20.8,Consumer Discretionary
582,28.8,14.4,Energy
583,13.3,33.8,Consumer Discretionary
584,7.9,91.6,Financials
585,8.2,16.5,Materials
586,6.0,41.5,Industrials
587,78.4,61.8,Consumer Staples
588,9.5,28.9,Consumer Discretionary
589,20.7,16.0,Consumer Discretionary
590,6.4,61.9,Financials
591,15.6,49.6,Information Technology
592,9.5,257.2,Financials
593,4.9,59.2,
594,7.3,18.6,Consumer Staples
595,8.5,22.3,Consumer Discretionary
596,9.1,16.0,Materials
597,10.1,11.9,Information Technology
598,15.3,20.9,Consumer Discretionary
599,5.4,137.3,Financials
600,22.1,48.8,
601,17.0,20.1,Materials
602,7.1,54.2,Financials
603,12.0,15.1,Materials
604,18.6,20.7,Materials
605,8.2,22.8,Materials
606,59.8,70.4,Utilities
607,61.9,118.2,Information Technology
608,26.1,49.2,Information Technology
609,17.4,52.4,Utilities
610,44.3,46.4,Financials
611,22.0,11.9,Consumer Discretionary
612,7.8,224.1,Financials
613,7.6,32.1,Energy
614,21.6,64.4,Financials
615,33.9,40.8,Industrials
616,18.7,19.4,Industrials
617,4.9,81.3,Financials
618,14.8,30.2,Industrials
619,13.7,29.1,Materials
620,9.0,41.1,Financials
621,10.4,13.9,Information Technology
622,7.5,31.3,Energy
623,72.0,58.0,Financials
624,7.6,36.0,
625,14.1,22.1,
626,3.3,45.9,Financials
627,17.2,28.8,Industrials
628,44.0,36.9,Industrials
629,20.7,19.2,Consumer Discretionary
630,17.0,20.6,Industrials
631,4.5,84.7,Financials
632,6.1,125.6,Financials
633,18.3,15.2,Consumer Discretionary
634,15.7,17.0,Consumer Staples
635,2.4,43.0,Financials
636,16.7,12.3,Consumer Discretionary
637,42.7,19.2,Consumer Staples
638,13.9,17.4,Information Technology
639,11.1,34.7,Health Care
640,22.5,15.8,Consumer Discretionary
641,5.4,79.5,Financials
642,9.6,20.7,Telecommunication Services
643,9.9,16.9,Materials
644,13.4,11.5,Consumer Staples
645,7.1,16.6,Information Technology
646,5.0,15.8,Consumer Staples
647,13.7,18.2,Consumer Staples
648,9.3,26.0,Consumer Discretionary
649,75.5,76.1,Consumer Discretionary
650,40.6,20.2,Health Care
651,14.2,13.3,Consumer Discretionary
652,8.7,13.3,Telecommunication Services
653,4.9,29.3,Consumer Staples
654,5.9,18.2,Consumer Discretionary
655,11.4,15.6,Consumer Staples
656,16.2,15.2,Materials
657,12.7,45.6,Energy
658,39.0,23.1,Consumer Discretionary
659,4.0,114.5,Financials
660,13.3,24.5,Industrials
661,14.7,18.7,Health Care
662,15.9,513.1,Financials
663,8.2,19.0,Materials
664,8.5,16.1,Materials
665,13.4,25.5,Materials
666,8.2,32.4,Financials
667,10.3,21.1,Telecommunication Services
668,8.6,25.3,Materials
669,13.7,29.7,
670,6.0,108.3,Financials
671,4.8,75.1,Financials
672,8.7,17.9,Energy
673,21.5,13.6,
674,13.0,15.1,Consumer Staples
675,16.1,11.2,Financials
676,16.4,12.4,Consumer Discretionary
677,11.4,11.2,
678,4.0,100.9,Financials
679,20.2,13.3,Energy
680,17.5,24.3,Consumer Discretionary
681,29.5,22.0,Consumer Discretionary
682,6.8,19.2,Financials
683,41.1,17.1,Consumer Staples
684,8.5,19.4,Energy
685,8.2,24.9,Telecommunication Services
686,6.5,16.2,Financials
687,10.6,12.8,Industrials
688,36.2,28.3,Consumer Staples
689,42.6,27.2,Information Technology
690,22.8,20.6,Information Technology
691,6.6,17.5,
692,8.5,74.7,Financials
693,16.1,19.4,Industrials
694,11.5,53.1,Financials
695,24.6,20.4,Energy
696,24.2,36.8,Industrials
697,48.2,85.4,Utilities
698,6.0,28.3,Financials
699,9.6,65.7,Energy
700,6.1,13.0,Information Technology
701,9.8,27.9,Telecommunication Services
702,7.7,27.1,Consumer Discretionary
703,3.2,172.8,Financials
704,5.2,176.0,Financials
705,4.1,51.8,Financials
706,13.8,15.4,Industrials
707,36.0,48.9,Industrials
708,9.4,20.6,Industrials
709,26.0,31.6,Information Technology
710,17.4,15.1,Consumer Discretionary
711,8.3,15.8,Materials
712,11.6,40.3,Information Technology
713,3.9,34.3,
714,15.5,24.0,Telecommunication Services
715,15.9,27.0,Energy
716,15.1,15.8,Materials
717,5.1,41.4,Energy
718,3.7,200.6,Financials
719,7.1,13.9,Telecommunication Services
720,27.0,40.0,Utilities
721,10.1,43.1,Energy
722,33.7,25.8,Consumer Staples
723,6.7,65.4,Financials
724,11.9,6.8,Consumer Discretionary
725,6.9,9.8,Information Technology
726,8.9,17.5,Financials
727,12.1,9.7,Consumer Discretionary
728,11.0,5.5,Consumer Discretionary
729,17.0,18.1,Consumer Discretionary
730,2.5,30.3,Financials
731,15.2,16.5,Consumer Discretionary
732,10.6,20.9,Consumer Discretionary
733,10.1,19.6,
734,12.9,5.5,Consumer Discretionary
735,25.3,47.8,Materials
736,25.8,21.2,Consumer Discretionary
737,10.4,58.4,Financials
738,11.2,11.7,Industrials
739,11.9,87.9,Industrials
740,2.0,87.9,Financials
741,7.8,212.7,Financials
742,40.6,128.2,
743,7.9,13.9,Health Care
744,4.8,37.4,Financials
745,16.8,38.1,Utilities
746,14.6,44.2,Financials
747,10.6,15.1,Consumer Discretionary
748,9.8,24.9,Energy
749,33.4,42.1,Energy
750,5.3,32.9,Industrials
751,3.7,57.8,Financials
752,10.1,10.9,Consumer Discretionary
753,7.0,26.6,Materials
754,11.4,13.1,Materials
755,18.2,34.9,Utilities
756,15.9,29.0,Information Technology
757,3.2,79.2,Financials
758,20.2,31.6,Industrials
759,11.9,13.9,Industrials
760,4.5,46.7,Financials
761,10.9,14.7,Materials
762,8.9,6.0,Consumer Staples
763,71.0,34.8,Industrials
764,8.1,11.8,Information Technology
765,11.7,26.2,
766,6.7,17.9,Industrials
767,11.3,15.4,Industrials
768,11.9,24.7,Industrials
769,8.5,45.6,Energy
770,1.9,24.6,
771,10.8,8.9,Consumer Discretionary
772,13.6,17.0,Materials
773,11.3,10.5,Industrials
774,8.5,25.8,Utilities
775,14.9,37.3,
776,2.4,61.7,Financials
777,13.6,34.2,Energy
778,14.8,12.5,Industrials
779,8.3,38.4,Utilities
780,25.1,10.7,Consumer Discretionary
781,6.5,15.8,Consumer Discretionary
782,7.9,44.9,Energy
783,7.3,11.5,Industrials
784,3.8,99.7,Financials
785,1.3,31.9,Financials
786,9.3,18.3,Consumer Staples
787,0.001,30.0,Consumer Discretionary
788,9.7,8.4,Industrials
789,15.9,16.3,Consumer Discretionary
790,1.3,18.1,
791,10.7,15.4,Industrials
792,21.5,10.7,Materials
793,27.5,24.2,Industrials
794,7.9,30.3,
795,4.3,28.9,
796,6.0,7.8,Consumer Staples
797,19.6,25.3,Telecommunication Services
798,21.3,33.9,Energy
799,17.6,24.3,Materials
800,4.3,26.2,Financials
801,8.9,21.0,Telecommunication Services
802,15.8,31.1,Industrials
803,4.3,82.2,Financials
804,64.5,30.8,Consumer Staples
805,6.4,8.1,Health Care
806,28.5,13.7,Energy
807,12.6,11.7,Industrials
808,13.3,26.8,
809,3.2,39.6,
810,47.7,31.3,Consumer Discretionary
811,16.8,6.2,Industrials
812,14.4,43.1,Utilities
813,16.0,7.5,Consumer Staples
814,5.7,8.7,
815,5.3,115.6,Financials
816,47.2,47.7,Information Technology
817,2.3,22.7,Financials
818,29.4,36.1,Materials
819,5.7,8.4,Information Technology
820,9.6,14.2,Health Care
821,13.0,14.1,Information Technology
822,4.8,13.0,Industrials
823,7.3,17.3,Consumer Discretionary
824,14.4,26.8,Materials
825,8.9,15.5,Materials
826,8.6,7.4,Consumer Discretionary
827,12.6,8.2,Consumer Discretionary
828,2.4,73.4,Financials
829,14.1,11.6,Energy
830,7.5,29.5,Energy
831,8.5,13.6,Industrials
832,8.6,16.1,Consumer Discretionary
833,3.1,70.3,Financials
834,5.8,5.8,
835,1.2,21.8,Financials
836,3.4,28.8,Financials
837,5.8,48.8,Financials
838,8.9,17.0,Health Care
839,9.8,15.2,Materials
840,7.5,47.9,
841,7.2,11.8,
842,6.4,55.7,Financials
843,9.5,24.9,Information Technology
844,4.2,41.4,Energy
845,4.1,86.7,Energy
846,4.1,24.8,Energy
847,8.4,18.1,Health Care
848,6.8,118.0,Financials
849,9.7,101.4,Financials
850,5.6,13.5,Materials
851,9.1,21.0,Materials
852,4.3,129.9,Financials
853,14.9,21.8,Industrials
854,9.1,78.9,
855,7.2,39.5,Consumer Discretionary
856,6.1,24.7,Utilities
857,3.8,16.8,Information Technology
858,11.3,14.0,Materials
859,8.4,10.5,Industrials
860,5.9,130.3,Financials
861,4.1,16.4,Industrials
862,2.5,103.0,Financials
863,4.7,16.8,Industrials
864,15.0,18.2,Utilities
865,9.0,10.2,Consumer Discretionary
866,8.9,24.9,Telecommunication Services
867,2.7,35.4,Financials
868,18.4,96.0,Financials
869,27.7,18.2,Information Technology
870,6.4,11.5,Materials
871,2.8,35.0,Financials
872,4.1,77.6,Financials
873,10.8,45.9,Utilities
874,4.7,14.5,Industrials
875,7.4,15.8,Consumer Staples
876,24.5,21.3,Information Technology
877,15.0,12.9,Consumer Discretionary
878,18.6,9.9,Consumer Discretionary
879,13.4,13.7,Industrials
880,16.1,15.7,Industrials
881,9.5,11.5,Industrials
882,4.2,20.8,Industrials
883,35.9,13.8,Information Technology
884,3.2,27.8,Utilities
885,16.7,17.3,Industrials
886,7.7,26.7,Industrials
887,10.5,25.9,Energy
888,9.5,6.4,Consumer Staples
889,3.3,94.7,Financials
890,8.6,6.4,Financials
891,9.8,8.2,Industrials
892,2.0,17.9,Financials
893,15.3,15.6,Consumer Staples
894,48.9,31.6,Consumer Staples
895,74.4,63.2,Energy
896,22.3,19.7,Consumer Discretionary
897,5.2,48.1,Information Technology
898,10.5,11.9,Information Technology
899,8.3,24.6,Utilities
900,3.8,68.4,Financials
901,7.1,25.5,Consumer Discretionary
902,5.0,41.6,Financials
903,15.3,8.9,Consumer Discretionary
904,5.2,36.7,Utilities
905,7.3,10.1,Information Technology
906,1.5,25.7,
907,22.9,10.0,Consumer Discretionary
908,17.0,12.0,Industrials
909,5.7,31.7,Financials
910,7.9,22.1,Financials
911,4.8,25.7,Financials
912,8.8,13.8,Materials
913,12.9,107.7,Financials
914,6.0,15.8,Utilities
915,10.7,16.4,Consumer Discretionary
916,7.7,12.9,Consumer Discretionary
917,5.3,108.6,Financials
918,2.6,20.8,Financials
919,5.8,21.3,Financials
920,4.4,116.4,Financials
921,9.1,37.7,Financials
922,2.2,49.6,Financials
923,4.4,44.8,Financials
924,9.1,5.7,Consumer Staples
925,7.5,59.4,
926,7.5,8.0,Consumer Staples
927,18.5,15.2,Consumer Discretionary
928,8.4,17.6,Information Technology
929,21.4,27.4,Materials
930,0.37,148.7,Financials
931,7.0,71.0,Financials
932,8.1,32.6,Financials
933,7.0,22.7,Consumer Discretionary
934,10.3,18.2,Industrials
935,12.9,7.9,Energy
936,6.4,21.6,Utilities
937,9.6,10.5,
938,8.2,28.6,Industrials
939,16.2,6.0,Consumer Staples
940,10.3,43.4,Financials
941,1.1,18.8,
942,3.7,10.4,Information Technology
943,2.2,54.2,Financials
944,3.7,15.1,Energy
945,6.8,8.5,Consumer Discretionary
946,7.7,23.4,Financials
947,3.9,31.7,Financials
948,14.5,14.0,Industrials
949,2.7,21.2,Energy
950,7.0,69.0,Financials
951,9.8,19.0,Energy
952,22.5,42.9,Financials
953,10.6,26.3,Consumer Discretionary
954,15.3,92.6,
955,7.4,5.5,Consumer Staples
956,7.5,22.3,Utilities
957,6.3,6.4,Information Technology
958,2.6,58.0,Financials
959,18.8,14.7,Consumer Discretionary
960,8.8,26.3,Information Technology
961,8.0,14.6,Materials
962,27.9,22.5,Energy
963,14.4,22.9,
964,1.3,17.7,
965,2.6,10.1,Financials
966,1.4,137.5,Financials
967,2.9,73.2,Financials
968,10.7,216.9,Financials
969,4.3,29.4,Financials
970,13.5,6.0,Industrials
971,5.5,9.7,Information Technology
972,3.4,23.2,Financials
973,13.2,10.8,Financials
974,9.4,30.2,Utilities
975,5.6,25.9,Financials
976,8.2,14.6,Financials
977,7.6,37.5,Energy
978,10.9,45.3,Industrials
979,8.8,34.8,Materials
980,22.2,7.4,
981,4.1,85.3,Financials
982,4.6,7.7,Information Technology
983,6.2,8.2,Industrials
984,12.3,9.8,Consumer Discretionary
985,6.3,8.5,Information Technology
986,4.9,7.0,Health Care
987,2.6,77.5,Financials
988,11.8,17.0,Materials
989,9.8,10.3,Health Care
990,8.5,11.5,Information Technology
991,10.8,17.0,Industrials
992,5.3,59.4,
993,13.0,11.7,Consumer Staples
994,18.1,11.9,Health Care
995,8.8,13.6,Consumer Discretionary
996,8.1,8.6,Information Technology
997,15.5,7.6,Consumer Discretionary
998,6.9,19.8,Industrials
999,6.4,9.8,Consumer Staples
1000,5.5,20.8,Financials
1001,12.4,36.5,Financials
1002,0.166,16.7,Utilities
1003,3.3,98.8,Financials
1004,7.3,11.6,Information Technology
1005,14.2,26.6,Energy
1006,40.7,46.0,Consumer Staples
1007,6.3,15.7,
1008,7.6,10.2,Materials
1009,3.1,54.0,Financials
1010,18.0,16.3,Consumer Discretionary
1011,21.4,43.1,Utilities
1012,2.3,47.6,Financials
1013,4.5,5.5,Information Technology
1014,5.0,121.1,Financials
1015,6.0,14.1,Materials
1016,6.5,7.6,Information Technology
1017,2.6,46.8,Financials
1018,18.7,13.6,Consumer Discretionary
1019,10.1,19.6,Telecommunication Services
1020,10.1,5.7,Industrials
1021,5.9,6.7,Materials
1022,4.6,9.1,Health Care
1023,13.9,24.1,Industrials
1024,23.8,14.2,Information Technology
1025,6.4,29.8,Financials
1026,9.9,11.0,Materials
1027,3.9,114.0,Financials
1028,20.2,17.3,Health Care
1029,8.0,9.7,
1030,6.7,21.2,Financials
1031,2.0,49.5,Financials
1032,3.6,12.5,Consumer Discretionary
1033,10.8,13.0,Materials
1034,6.9,30.0,Materials
1035,10.9,8.6,Information Technology
1036,10.7,14.4,Information Technology
1037,12.8,11.7,Consumer Staples
1038,5.9,7.1,Industrials
1039,11.6,6.7,Health Care
1040,11.4,7.6,Consumer Staples
1041,4.9,4.4,Information Technology
1042,16.8,18.5,Materials
1043,2.2,697.9,Financials
1044,4.9,8.3,Information Technology
1045,12.4,20.0,Materials
1046,4.9,7.6,Health Care
1047,9.5,54.5,Financials
1048,8.5,11.1,Information Technology
1049,13.8,11.3,Consumer Discretionary
1050,6.1,24.1,Financials
1051,3.9,22.7,Telecommunication Services
1052,15.1,20.4,Information Technology
1053,3.3,25.8,Financials
1054,13.0,9.3,Utilities
1055,7.7,21.0,Materials
1056,13.7,36.1,Utilities
1057,8.9,16.1,Energy
1058,3.1,25.9,Financials
1059,13.1,3.7,Consumer Discretionary
1060,7.5,10.1,Health Care
1061,7.6,44.2,Financials
1062,8.8,15.8,
1063,2.6,18.9,Financials
1064,7.2,18.7,Utilities
1065,4.1,19.1,
1066,3.6,10.2,Information Technology
1067,1.6,34.6,
1068,7.5,15.5,Telecommunication Services
1069,11.6,16.8,Energy
1070,3.7,38.6,Financials
1071,3.8,14.3,Industrials
1072,5.4,11.4,Financials
1073,14.5,11.3,Information Technology
1074,7.8,12.5,Consumer Discretionary
1075,6.9,21.2,
1076,16.1,25.7,Materials
1077,2.2,70.9,Financials
1078,7.9,7.6,Consumer Staples
1079,10.9,14.9,Utilities
1080,1.8,78.8,Financials
1081,25.5,34.7,Consumer Discretionary
1082,10.4,51.8,Financials
1083,4.3,10.2,Financials
1084,4.8,68.2,Financials
1085,4.3,37.3,Consumer Discretionary
1086,11.9,15.1,Materials
1087,4.9,18.9,Utilities
1088,15.8,6.4,Consumer Staples
1089,1.0,346.8,Financials
1090,4.0,23.2,Utilities
1091,13.4,11.9,Consumer Staples
1092,4.7,7.7,Materials
1093,15.3,49.0,Materials
1094,8.4,5.7,Consumer Staples
1095,19.8,25.1,Industrials
1096,7.4,7.7,Materials
1097,10.9,98.0,Financials
1098,4.4,29.8,Energy
1099,1.4,19.3,Financials
1100,7.3,19.1,Materials
1101,5.9,4.6,Consumer Staples
1102,3.5,9.4,Consumer Discretionary
1103,7.2,29.7,Financials
1104,16.5,21.3,Consumer Discretionary
1105,3.4,8.9,Consumer Staples
1106,5.3,5.2,Consumer Staples
1107,2.5,63.4,Financials
1108,7.2,21.1,Energy
1109,23.8,12.8,Information Technology
1110,6.1,21.3,Industrials
1111,15.0,21.0,Materials
1112,11.8,25.3,Industrials
1113,19.3,20.3,Industrials
1114,11.7,13.7,Financials
1115,4.2,6.4,Financials
1116,8.4,11.9,Energy
1117,14.5,13.1,Energy
1118,4.3,20.4,Consumer Discretionary
1119,6.8,7.8,Consumer Staples
1120,5.4,8.4,Materials
1121,4.5,7.7,Consumer Discretionary
1122,5.6,8.6,Industrials
1123,8.8,33.6,Utilities
1124,2.5,15.8,Financials
1125,2.3,14.4,Consumer Discretionary
1126,1.5,56.9,Financials
1127,4.0,94.6,Financials
1128,9.9,93.2,Financials
1129,3.8,77.6,Financials
1130,5.9,10.0,Industrials
1131,9.2,19.3,Energy
1132,5.3,22.5,Energy
1133,6.6,7.3,Information Technology
1134,14.1,9.5,Consumer Discretionary
1135,10.9,29.8,Financials
1136,18.2,33.1,Utilities
1137,4.9,20.3,
1138,21.7,11.6,Consumer Staples
1139,16.7,21.9,Financials
1140,6.1,5.3,Consumer Discretionary
1141,16.2,16.5,Industrials
1142,13.2,16.4,Consumer Discretionary
1143,2.5,2.1,Health Care
1144,7.9,104.4,Financials
1145,9.6,11.4,Consumer Discretionary
1146,2.7,6.5,Health Care
1147,8.8,107.7,Financials
1148,13.2,16.3,Consumer Staples
1149,5.8,7.1,Information Technology
1150,4.9,13.4,Financials
1151,9.1,16.2,Materials
1152,6.9,8.6,Consumer Discretionary
1153,15.1,8.7,Consumer Discretionary
1154,3.0,46.2,Financials
1155,14.0,6.9,Information Technology
1156,10.8,26.8,Materials
1157,3.0,4.6,Consumer Staples
1158,5.8,5.0,Materials
1159,4.4,5.6,Information Technology
1160,1.6,44.8,Financials
1161,8.4,104.7,Financials
1162,4.8,5.6,Health Care
1163,7.8,3.8,Consumer Discretionary
1164,12.1,15.8,Materials
1165,1.4,54.7,Financials
1166,3.0,4.2,Consumer Staples
1167,6.8,10.1,Industrials
1168,6.7,16.8,Financials
1169,0.881,20.5,Financials
1170,3.3,4.1,Utilities
1171,2.3,17.6,Utilities
1172,8.8,29.7,
1173,10.1,8.2,Consumer Discretionary
1174,15.2,22.0,Materials
1175,9.6,8.3,Consumer Discretionary
1176,4.2,18.4,Industrials
1177,3.1,7.3,Consumer Discretionary
1178,5.3,7.7,Industrials
1179,4.3,7.1,Consumer Discretionary
1180,6.4,41.7,Financials
1181,3.3,42.4,Financials
1182,3.3,18.5,Utilities
1183,6.0,8.5,Information Technology
1184,5.8,12.0,Financials
1185,4.9,13.0,Financials
1186,6.0,9.9,Consumer Discretionary
1187,4.8,28.6,Energy
1188,0.755,25.1,Financials
1189,2.6,5.3,Consumer Staples
1190,4.5,10.7,Health Care
1191,1.8,30.6,
1192,17.9,13.3,Consumer Discretionary
1193,9.0,19.7,Utilities
1194,11.8,12.5,Industrials
1195,4.3,7.7,Telecommunication Services
1196,5.7,11.5,Industrials
1197,1.3,9.7,Materials
1198,6.8,7.5,Materials
1199,2.2,45.3,Financials
1200,11.7,12.8,Materials
1201,18.7,24.3,Industrials
1202,15.6,18.1,Industrials
1203,19.6,24.7,Health Care
1204,4.2,18.7,Utilities
1205,30.3,12.6,Materials
1206,4.7,6.4,Materials
1207,0.031,9.6,
1208,1.9,119.9,Financials
1209,1.9,25.6,Financials
1210,4.7,7.3,Health Care
1211,4.6,10.8,Health Care
1212,2.0,10.5,Financials
1213,8.2,11.1,Consumer Discretionary
1214,15.7,16.9,Industrials
1215,20.8,13.3,Information Technology
1216,2.3,13.4,Financials
1217,13.1,30.4,Utilities
1218,3.1,5.5,Health Care
1219,2.5,26.1,Financials
1220,1.9,49.1,Financials
1221,3.5,5.3,Information Technology
1222,1.5,3.0,
1223,6.8,3.7,Financials
1224,7.0,2.6,Financials
1225,20.6,22.4,Consumer Staples
1226,4.0,11.0,Information Technology
1227,14.2,28.8,Financials
1228,1.1,38.4,Financials
1229,7.5,85.1,Financials
1230,7.2,16.8,Materials
1231,3.0,79.0,Financials
1232,13.8,15.9,Materials
1233,3.7,32.2,Financials
1234,3.0,13.3,Health Care
1235,14.4,10.4,
1236,2.5,52.7,Financials
1237,19.7,7.6,Consumer Discretionary
1238,2.5,25.0,Financials
1239,0.393,224.4,Financials
1240,7.4,5.1,Materials
1241,3.9,21.4,Financials
1242,6.4,8.6,Telecommunication Services
1243,15.8,7.9,Consumer Staples
1244,9.3,23.3,Financials
1245,11.1,11.3,Industrials
1246,3.3,5.1,Information Technology
1247,9.7,43.5,Health Care
1248,0.644,8.4,
1249,7.0,93.1,Financials
1250,1.7,5.2,Information Technology
1251,2.0,103.7,Financials
1252,18.4,21.9,Health Care
1253,7.1,6.9,Industrials
1254,7.1,16.2,
1255,9.8,8.1,Industrials
1256,11.6,7.8,Materials
1257,16.3,22.8,Industrials
1258,5.4,21.9,Industrials
1259,4.4,20.6,Consumer Discretionary
1260,1.8,53.6,Financials
1261,4.5,17.3,
1262,7.1,75.9,
1263,13.9,18.1,Industrials
1264,7.0,4.7,Consumer Discretionary
1265,5.5,42.2,
1266,6.5,6.1,Consumer Staples
1267,2.9,20.8,
1268,2.3,83.2,Financials
1269,7.6,41.1,Financials
1270,13.0,14.4,Consumer Discretionary
1271,4.4,64.2,Financials
1272,2.3,21.2,Financials
1273,5.9,161.8,Financials
1274,12.2,6.8,Consumer Discretionary
1275,2.7,53.7,Financials
1276,4.1,31.1,Energy
1277,1.3,34.8,Financials
1278,4.7,4.4,Financials
1279,13.3,10.0,Industrials
1280,10.7,17.2,
1281,8.5,9.5,Industrials
1282,8.3,11.0,Utilities
1283,7.6,10.2,Industrials
1284,1.4,39.2,Financials
1285,8.6,10.7,Utilities
1286,9.0,19.2,Industrials
1287,21.6,10.3,Consumer Discretionary
1288,14.3,23.7,Industrials
1289,4.2,26.9,Energy
1290,1.8,79.0,Financials
1291,3.9,8.1,Consumer Staples
1292,8.9,8.3,Consumer Discretionary
1293,2.4,20.7,Financials
1294,4.9,4.3,
1295,11.1,9.6,
1296,0.668,13.0,Financials
1297,3.0,4.5,Health Care
1298,28.2,13.5,Health Care
1299,10.0,5.6,Consumer Discretionary
1300,5.4,7.2,Consumer Discretionary
1301,1.0,11.7,
1302,6.5,80.0,Financials
1303,4.9,8.9,Health Care
1304,15.0,10.7,Consumer Discretionary
1305,4.0,16.5,Energy
1306,2.4,47.5,Financials
1307,1.1,20.6,
1308,5.4,21.8,Financials
1309,17.1,13.2,Industrials
1310,7.5,8.3,Information Technology
1311,14.8,7.9,Consumer Discretionary
1312,3.0,2.1,Consumer Staples
1313,11.9,11.1,Consumer Discretionary
1314,10.1,11.4,Consumer Staples
1315,3.3,77.4,Financials
1316,1.2,21.9,
1317,9.9,30.0,Materials
1318,3.3,7.3,Materials
1319,5.6,6.2,Materials
1320,5.1,4.3,
1321,3.4,7.3,Information Technology
1322,6.8,54.6,Industrials
1323,17.7,17.8,Industrials
1324,9.7,13.8,Consumer Staples
1325,5.0,5.1,Consumer Discretionary
1326,2.4,4.3,Health Care
1327,14.0,15.4,Industrials
1328,2.1,12.2,
1329,15.1,16.7,Materials
1330,11.0,25.8,Utilities
1331,7.6,5.4,Industrials
1332,5.6,23.1,Financials
1333,5.0,9.7,Information Technology
1334,2.4,15.9,Utilities
1335,2.1,11.1,Utilities
1336,5.6,16.3,Utilities
1337,15.5,18.9,Materials
1338,5.6,9.8,Consumer Discretionary
1339,12.5,14.7,Energy
1340,11.9,22.9,Industrials
1341,6.6,9.5,Industrials
1342,4.2,7.9,Information Technology
1343,4.8,9.9,Consumer Discretionary
1344,8.3,9.7,Materials
1345,0.538,13.7,Financials
1346,7.3,12.8,Materials
1347,6.7,21.4,Utilities
1348,3.5,8.3,Industrials
1349,1.6,31.3,Financials
1350,1.8,22.3,
1351,3.3,67.1,Financials
1352,1.5,4.8,Industrials
1353,3.7,5.3,Health Care
1354,8.0,11.4,Materials
1355,46.5,12.4,Industrials
1356,8.9,30.2,Telecommunication Services
1357,4.9,2.6,Consumer Discretionary
1358,8.3,9.6,Materials
1359,11.2,16.2,Industrials
1360,0.786,77.3,
1361,5.6,11.5,
1362,15.0,5.6,Materials
1363,5.8,11.3,Utilities
1364,5.2,14.9,Consumer Discretionary
1365,6.6,3.9,Industrials
1366,5.2,8.7,Information Technology
1367,5.5,3.0,Consumer Discretionary
1368,5.0,6.8,Consumer Staples
1369,2.3,8.7,Materials
1370,2.3,4.8,Information Technology
1371,2.3,3.5,
1372,5.7,4.7,Consumer Staples
1373,3.3,31.2,Financials
1374,3.7,4.1,Consumer Staples
1375,1.3,12.2,
1376,9.3,8.6,Materials
1377,11.1,22.2,Industrials
1378,15.8,6.6,Industrials
1379,2.9,3.5,Materials
1380,23.5,11.3,Health Care
1381,13.6,18.8,Industrials
1382,12.1,8.4,Consumer Discretionary
1383,1.7,58.5,Financials
1384,19.0,9.5,Industrials
1385,2.5,25.9,Materials
1386,1.1,1.9,
1387,2.4,33.4,Financials
1388,3.4,21.4,Energy
1389,13.1,3.8,Energy
1390,4.0,44.3,Financials
1391,5.3,3.7,Health Care
1392,10.3,4.8,Consumer Staples
1393,1.3,1.5,Information Technology
1394,7.3,5.9,Information Technology
1395,4.5,14.0,Energy
1396,5.9,19.1,Financials
1397,2.1,156.0,Financials
1398,8.7,6.3,
1399,3.7,11.7,
1400,6.8,2.8,Consumer Discretionary
1401,5.1,5.3,Industrials
1402,29.2,12.6,
1403,3.9,7.7,Consumer Staples
1404,2.0,6.9,
1405,2.6,52.8,Financials
1406,6.7,13.0,Energy
1407,5.0,5.9,Industrials
1408,1.7,44.2,
1409,6.1,2.8,Industrials
1410,3.8,21.1,Materials
1411,9.7,4.3,
1412,1.8,12.6,Financials
1413,14.9,16.2,Consumer Staples
1414,3.5,16.0,Utilities
1415,1.3,62.2,Financials
1416,7.1,5.7,Information Technology
1417,5.5,7.6,Consumer Discretionary
1418,2.0,4.6,Consumer Discretionary
1419,6.8,7.4,Materials
1420,5.5,61.8,Financials
1421,0.851,17.3,Financials
1422,9.4,8.4,Industrials
1423,5.6,7.6,
1424,8.6,9.0,Industrials
1425,3.2,6.7,Consumer Discretionary
1426,1.9,17.1,
1427,5.6,17.5,Health Care
1428,32.6,11.7,Consumer Staples
1429,2.2,1.8,Health Care
1430,3.6,11.2,Materials
1431,1.0,13.3,Industrials
1432,4.0,14.4,Industrials
1433,4.6,118.5,Financials
1434,3.5,3.1,Consumer Discretionary
1435,4.0,11.6,Utilities
1436,7.8,6.4,Materials
1437,6.6,5.9,Health Care
1438,3.6,12.6,
1439,4.5,4.7,Consumer Discretionary
1440,19.7,13.5,
1441,11.8,7.0,
1442,6.9,6.9,Consumer Staples
1443,1.1,9.3,
1444,3.3,11.2,Industrials
1445,12.7,12.8,Consumer Discretionary
1446,4.1,19.2,Materials
1447,8.4,12.5,Industrials
1448,6.6,18.4,Industrials
1449,4.0,2.7,Consumer Discretionary
1450,13.2,6.6,Industrials
1451,6.0,6.9,Consumer Discretionary
1452,20.1,8.9,Consumer Discretionary
1453,9.4,4.0,Consumer Staples
1454,3.4,15.7,Financials
1455,4.4,4.8,Consumer Staples
1456,1.3,51.1,Financials
1457,7.8,8.1,Consumer Staples
1458,1.4,23.0,
1459,3.1,13.4,
1460,3.4,6.4,Information Technology
1461,3.5,21.5,Materials
1462,1.1,13.2,
1463,17.5,13.5,Industrials
1464,4.1,4.4,Consumer Discretionary
1465,1.3,23.7,Energy
1466,4.3,156.0,Financials
1467,7.1,19.0,Financials
1468,6.2,2.9,Industrials
1469,13.0,16.1,Materials
1470,10.1,19.8,Industrials
1471,2.0,47.5,Financials
1472,9.0,9.6,Materials
1473,1.8,33.3,Financials
1474,10.3,11.7,Materials
1475,1.1,41.1,Financials
1476,4.0,7.5,
1477,5.1,60.4,Financials
1478,4.2,5.1,
1479,5.7,5.8,Consumer Staples
1480,8.2,23.7,
1481,10.8,18.1,Telecommunication Services
1482,1.4,48.9,Financials
1483,1.5,87.5,Financials
1484,1.9,59.9,Financials
1485,6.7,30.9,Financials
1486,3.2,7.9,Health Care
1487,14.0,14.7,Industrials
1488,3.4,6.4,Consumer Discretionary
1489,1.9,24.0,Financials
1490,2.2,4.7,
1491,4.7,13.6,Consumer Discretionary
1492,3.4,20.0,Utilities
1493,16.6,11.3,Energy
1494,2.4,29.5,Financials
1495,1.7,104.9,Financials
1496,1.6,2.1,Financials
1497,3.8,7.1,Industrials
1498,7.0,8.0,Information Technology
1499,2.4,4.9,Materials
1500,1.6,18.5,
1501,5.3,5.7,
1502,7.5,25.2,Telecommunication Services
1503,2.2,3.9,Information Technology
1504,6.4,6.9,Consumer Discretionary
1505,3.0,3.8,Consumer Discretionary
1506,1.4,28.1,Financials
1507,0.303,164.1,Financials
1508,7.8,6.1,Energy
1509,5.2,15.7,Information Technology
1510,9.7,18.5,Industrials
1511,0.652,40.0,Financials
1512,1.2,6.0,
1513,8.1,14.5,Consumer Discretionary
1514,10.8,16.8,Materials
1515,5.8,5.8,
1516,3.4,21.7,Financials
1517,13.3,9.0,Telecommunication Services
1518,9.1,19.2,Financials
1519,1.9,4.3,Materials
1520,10.1,5.7,Industrials
1521,4.6,68.4,Financials
1522,1.8,9.6,Energy
1523,4.8,56.6,Financials
1524,2.0,2.0,Materials
1525,4.4,6.0,Consumer Discretionary
1526,2.9,8.2,Consumer Discretionary
1527,3.6,4.7,Telecommunication Services
1528,0.694,146.3,Telecommunication Services
1529,1.3,38.5,Financials
1530,23.8,10.8,Information Technology
1531,2.0,37.8,Financials
1532,10.9,11.0,Materials
1533,3.3,10.0,
1534,4.5,18.7,Utilities
1535,0.819,43.5,Financials
1536,7.4,8.9,Materials
1537,7.9,16.3,Industrials
1538,5.3,3.0,
1539,4.0,6.4,Consumer Staples
1540,2.1,14.4,Energy
1541,3.6,8.8,Materials
1542,2.3,12.5,Industrials
1543,5.7,35.1,Financials
1544,12.0,13.9,
1545,3.8,33.7,
1546,1.3,76.4,Financials
1547,3.4,3.4,Health Care
1548,1.1,27.9,Financials
1549,3.4,4.1,Consumer Discretionary
1550,9.9,9.9,Telecommunication Services
1551,2.8,14.4,Energy
1552,1.4,14.2,Financials
1553,3.2,123.8,
1554,1.1,41.6,
1555,36.3,3.5,Materials
1556,9.2,17.2,Financials
1557,6.8,5.4,
1558,4.6,9.1,Health Care
1559,12.3,5.5,
1560,1.9,102.2,Financials
1561,6.1,30.1,Consumer Discretionary
1562,4.9,48.3,Financials
1563,1.9,1.9,Consumer Staples
1564,19.8,8.3,Consumer Discretionary
1565,5.4,5.1,
1566,1.3,17.4,Financials
1567,1.4,2.7,
1568,2.7,14.0,Information Technology
1569,2.2,51.4,Financials
1570,22.9,8.9,Consumer Staples
1571,2.9,7.5,Industrials
1572,3.5,4.4,Consumer Staples
1573,14.4,10.5,Information Technology
1574,1.2,43.4,Financials
1575,5.7,8.0,Consumer Discretionary
1576,3.8,7.6,Materials
1577,2.2,12.9,
1578,13.4,11.0,Telecommunication Services
1579,4.5,6.5,Industrials
1580,11.0,15.1,
1581,7.4,4.9,Materials
1582,5.1,10.9,Materials
1583,2.6,14.0,Utilities
1584,20.1,10.6,Health Care
1585,1.6,12.5,Energy
1586,4.3,1.9,Consumer Discretionary
1587,3.2,11.2,Energy
1588,1.4,28.3,Financials
1589,1.3,68.2,Financials
1590,2.1,2.8,Health Care
1591,8.7,17.8,Financials
1592,7.0,13.9,Materials
1593,7.6,17.9,Industrials
1594,2.2,5.0,Health Care
1595,2.1,4.4,Telecommunication Services
1596,0.666,9.7,Financials
1597,4.0,32.0,Financials
1598,3.4,86.0,Financials
1599,26.9,5.4,Consumer Discretionary
1600,12.6,13.1,Consumer Staples
1601,4.0,5.1,Consumer Discretionary
1602,14.6,11.7,Consumer Discretionary
1603,1.8,23.5,
1604,26.2,7.9,Information Technology
1605,3.1,82.8,Financials
1606,6.6,7.2,Industrials
1607,5.2,35.7,
1608,1.5,82.6,Financials
1609,4.7,6.0,Materials
1610,5.8,2.6,
1611,3.3,14.0,Utilities
1612,1.3,81.4,Energy
1613,5.0,5.1,
1614,5.4,9.1,Information Technology
1615,3.7,4.7,
1616,1.6,40.0,Financials
1617,2.1,24.0,
1618,3.0,4.5,Consumer Discretionary
1619,1.5,40.9,Financials
1620,1.0,77.1,Financials
1621,5.3,9.1,Materials
1622,3.1,75.2,Financials
1623,2.6,4.5,Financials
1624,14.6,11.5,Information Technology
1625,4.0,18.5,Financials
1626,0.947,75.0,Financials
1627,1.8,74.0,Financials
1628,1.3,6.7,Utilities
1629,1.2,73.3,Financials
1630,0.9,72.5,Financials
1631,14.0,11.5,Industrials
1632,2.5,29.8,Financials
1633,2.7,41.7,Financials
1634,0.549,8.6,Financials
1635,7.5,4.1,Utilities
1636,18.3,10.0,Information Technology
1637,22.1,9.4,Consumer Discretionary
1638,4.3,5.8,Industrials
1639,2.2,70.0,
1640,4.2,8.9,
1641,2.7,68.5,Financials
1642,4.2,24.0,Financials
1643,1.7,2.9,Health Care
1644,14.2,9.4,
1645,1.1,1.6,Health Care
1646,6.7,3.0,Consumer Staples
1647,1.2,18.4,Financials
1648,2.2,66.1,
1649,1.0,8.9,
1650,9.1,8.8,Consumer Discretionary
1651,0.942,16.7,Financials
1652,4.2,7.1,Consumer Discretionary
1653,1.9,11.5,
1654,6.4,6.5,Materials
1655,5.8,4.9,Financials
1656,2.1,34.6,Financials
1657,1.7,15.9,Financials
1658,6.3,18.3,
1659,2.3,2.3,
1660,3.0,3.9,Consumer Staples
1661,14.2,6.2,Health Care
1662,2.5,5.6,Information Technology
1663,4.3,46.4,Financials
1664,0.987,59.6,Financials
1665,2.5,2.2,
1666,9.1,5.6,Consumer Staples
1667,19.2,9.4,Information Technology
1668,2.1,58.3,Financials
1669,0.83,0.289,
1670,4.6,2.8,Consumer Discretionary
1671,6.0,8.3,Materials
1672,2.4,57.1,Financials
1673,6.4,6.6,Consumer Discretionary
1674,18.4,6.7,Consumer Staples
1675,1.1,22.0,
1676,5.5,5.1,Utilities
1677,7.1,18.3,
1678,2.9,4.9,Consumer Staples
1679,3.6,5.3,Consumer Discretionary
1680,1.0,54.7,Financials
1681,10.2,13.3,Information Technology
1682,3.3,44.2,Financials
1683,3.8,11.4,Consumer Discretionary
1684,7.1,5.0,
1685,5.0,6.4,
1686,11.0,12.4,Industrials
1687,11.1,4.4,Consumer Discretionary
1688,17.8,7.4,Health Care
1689,0.771,4.5,
1690,0.665,53.3,Financials
1691,5.5,24.8,Financials
1692,1.8,15.5,Energy
1693,0.404,1.7,Financials
1694,6.0,22.1,Utilities
1695,9.0,14.3,Industrials
1696,1.5,52.1,Financials
1697,17.4,6.3,
1698,2.2,14.8,Financials
1699,1.8,51.9,Financials
1700,2.0,44.8,Financials
1701,4.5,12.0,Consumer Discretionary
1702,2.1,17.2,Financials
1703,12.1,9.7,Consumer Discretionary
1704,5.8,7.1,Materials
1705,6.6,19.3,Utilities
1706,17.0,6.8,Consumer Discretionary
1707,4.5,34.8,Financials
1708,0.894,15.4,Financials
1709,1.3,51.1,Financials
1710,2.4,9.0,Industrials
1711,7.9,9.8,Utilities
1712,4.0,12.8,Financials
1713,0.83,50.8,Financials
1714,0.71,50.7,Financials
1715,16.8,7.7,Industrials
1716,2.5,3.6,Health Care
1717,3.2,14.7,Energy
1718,2.8,13.7,Financials
1719,16.6,5.6,Information Technology
1720,1.3,15.9,
1721,9.7,9.2,Materials
1722,2.2,19.3,Financials
1723,3.1,29.3,Financials
1724,0.731,48.9,Materials
1725,16.4,5.8,Materials
1726,1.9,10.0,Financials
1727,16.4,3.6,
1728,0.914,48.5,Financials
1729,0.61,48.2,Financials
1730,0.656,48.0,Financials
1731,0.899,47.9,Financials
1732,16.0,4.5,Consumer Staples
1733,3.7,14.2,Financials
1734,5.4,13.0,Utilities
1735,2.6,11.2,Utilities
1736,15.9,7.6,Energy
1737,2.6,6.5,Consumer Discretionary
1738,1.3,47.4,
1739,0.647,47.2,Financials
1740,15.9,7.2,Industrials
1741,3.8,47.1,
1742,15.9,8.4,Energy
1743,4.7,9.0,Telecommunication Services
1744,3.9,46.7,Financials
1745,2.2,8.7,Financials
1746,8.4,3.6,
1747,11.5,11.2,Consumer Discretionary
1748,0.934,46.5,Financials
1749,6.5,8.7,Industrials
1750,3.3,11.2,
1751,4.6,30.7,
1752,6.2,12.5,Materials
1753,3.1,4.0,Utilities
1754,7.5,15.6,Industrials
1755,3.9,5.1,Consumer Discretionary
1756,7.2,7.3,
1757,5.0,5.4,Materials
1758,3.8,5.3,
1759,8.4,8.1,Consumer Staples
1760,8.6,4.3,
1761,1.1,30.2,
1762,6.8,17.2,Financials
1763,3.1,12.4,Financials
1764,2.5,44.3,Financials
1765,2.2,6.3,Health Care
1766,0.36,0.811,
1767,3.8,44.2,
1768,8.1,7.1,Consumer Staples
1769,10.3,5.3,Consumer Discretionary
1770,1.7,28.8,Financials
1771,2.4,8.4,
1772,0.132,0.292,
1773,0.267,1.2,
1774,10.7,7.1,Industrials
1775,1.4,13.2,
1776,1.4,43.3,
1777,5.5,6.5,Consumer Staples
1778,3.1,23.8,Financials
1779,1.9,8.6,
1780,0.728,42.9,Financials
1781,8.6,5.0,
1782,2.3,1.7,Materials
1783,2.7,17.1,
1784,14.6,5.2,
1785,1.6,41.7,Financials
1786,1.9,8.5,Industrials
1787,14.5,1.5,
1788,0.665,41.7,Financials
1789,2.3,3.1,
1790,14.5,5.1,
1791,1.9,6.7,
1792,2.5,8.1,Industrials
1793,7.4,6.0,Financials
1794,0.885,10.6,
1795,3.2,21.8,Energy
1796,1.0,1.5,
1797,1.7,2.9,Consumer Discretionary
1798,0.847,5.3,
1799,1.8,12.5,Consumer Discretionary
1800,1.2,40.4,Financials
1801,5.6,4.2,
1802,2.1,15.0,Financials
1803,0.645,6.9,
1804,2.9,7.3,
1805,0.627,40.0,Financials
1806,2.4,34.8,Financials
1807,5.7,7.7,Industrials
1808,2.0,4.8,Information Technology
1809,7.4,4.2,Consumer Discretionary
1810,1.3,39.2,Financials
1811,1.1,2.3,Information Technology
1812,3.7,13.7,Materials
1813,2.5,4.3,Materials
1814,1.7,39.2,Financials
1815,8.7,12.7,Materials
1816,4.6,9.9,
1817,3.9,7.7,Materials
1818,1.6,24.1,Financials
1819,11.6,4.4,Materials
1820,1.9,38.7,Financials
1821,8.4,13.0,Energy
1822,7.2,8.3,Consumer Staples
1823,6.7,15.9,Materials
1824,0.609,38.0,Financials
1825,1.8,37.9,Financials
1826,0.732,37.9,Financials
1827,3.5,37.8,Financials
1828,9.4,3.8,
1829,3.9,5.1,
1830,9.0,12.0,Materials
1831,4.4,28.4,Utilities
1832,6.2,17.2,Industrials
1833,13.3,5.7,Information Technology
1834,7.4,6.8,Materials
1835,13.2,5.9,Materials
1836,3.7,5.0,Consumer Staples
1837,4.4,7.2,Telecommunication Services
1838,2.9,19.5,Financials
1839,13.1,8.6,
1840,0.607,36.5,Financials
1841,2.7,2.4,Financials
1842,1.7,35.8,Financials
1843,4.4,6.9,
1844,3.2,35.7,Financials
1845,6.1,4.4,
1846,0.401,11.5,
1847,6.7,15.5,Materials
1848,2.8,3.8,Materials
1849,2.9,35.7,Financials
1850,1.0,12.7,Materials
1851,1.5,35.6,
1852,0.212,35.6,Financials
1853,3.2,35.5,Financials
1854,5.8,18.1,Utilities
1855,12.8,6.1,Materials
1856,10.8,5.7,
1857,1.4,28.0,Financials
1858,3.2,34.9,Financials
1859,0.186,1.5,
1860,12.5,5.6,Consumer Discretionary
1861,12.5,9.3,Consumer Discretionary
1862,5.1,7.0,
1863,10.2,6.9,Industrials
1864,0.45,6.1,
1865,1.8,14.9,
1866,0.741,20.1,Financials
1867,4.3,26.1,Financials
1868,7.4,7.6,Energy
1869,3.5,7.6,Industrials
1870,1.5,27.6,Financials
1871,8.9,11.5,Information Technology
1872,0.62,34.3,Financials
1873,4.2,7.7,Materials
1874,2.7,19.5,Materials
1875,4.8,5.8,Industrials
1876,1.5,34.2,Financials
1877,8.5,10.6,Materials
1878,0.973,7.1,
1879,2.8,16.2,Financials
1880,3.6,2.9,Consumer Discretionary
1881,1.1,3.7,Utilities
1882,1.6,3.2,
1883,9.5,11.1,Industrials
1884,6.5,15.5,Utilities
1885,4.2,7.1,Materials
1886,1.1,33.6,Financials
1887,5.0,6.5,Industrials
1888,1.1,11.6,
1889,2.1,1.3,Consumer Staples
1890,7.0,7.7,Consumer Discretionary
1891,0.011,33.3,Utilities
1892,7.0,9.1,
1893,8.6,7.4,Materials
1894,1.5,5.4,
1895,1.2,33.1,Financials
1896,6.1,7.6,Consumer Discretionary
1897,0.246,5.5,
1898,1.5,33.0,
1899,7.1,5.5,
1900,1.5,33.0,Financials
1901,1.5,4.8,Health Care
1902,11.8,5.6,Financials
1903,3.1,7.1,Information Technology
1904,1.0,3.9,Industrials
1905,3.2,10.6,Energy
1906,3.8,5.2,Information Technology
1907,2.0,32.7,Financials
1908,11.7,1.3,Industrials
1909,11.4,5.7,Financials
1910,3.7,32.5,Financials
1911,0.893,5.9,Financials
1912,1.2,32.1,
1913,1.0,0.001,Energy
1914,11.6,2.1,Consumer Discretionary
1915,0.4,32.0,Financials
1916,3.5,5.0,Telecommunication Services
1917,0.585,31.7,Financials
1918,1.1,9.2,Financials
1919,1.1,8.5,Financials
1920,11.5,8.9,
1921,4.5,24.4,Financials
1922,1.4,5.2,Industrials
1923,1.3,2.6,Consumer Discretionary
1924,11.5,9.3,Materials
1925,8.5,9.3,Consumer Discretionary
1926,1.7,9.7,Financials
1927,0.605,31.3,Financials
1928,1.4,15.6,
1929,1.1,4.0,Health Care
1930,5.9,16.2,Materials
1931,1.1,24.8,Financials
1932,1.1,31.1,Financials
1933,1.7,13.7,Financials
1934,2.4,4.5,Information Technology
1935,1.3,30.9,Financials
1936,2.8,30.8,Financials
1937,11.3,4.6,Consumer Staples
1938,0.561,30.8,
1939,3.0,30.7,Financials
1940,10.3,9.2,Materials
1941,3.1,12.2,Utilities
1942,1.0,25.2,Financials
1943,1.9,30.2,Financials
1944,11.1,6.4,
1945,11.1,9.0,Consumer Discretionary
1946,5.4,6.0,Utilities
1947,1.7,30.1,Financials
1948,1.3,30.1,Financials
1949,5.4,9.4,Consumer Discretionary
1950,6.1,12.4,Consumer Discretionary
1951,1.2,9.2,Financials
1952,6.1,3.9,
1953,1.6,7.4,Telecommunication Services
1954,4.3,3.3,Utilities
1955,11.0,9.4,
1956,4.2,6.4,Financials
1957,6.4,10.7,Energy
1958,2.6,11.5,Energy
1959,10.9,4.5,Consumer Discretionary
1960,2.3,1.5,Consumer Discretionary
1961,0.326,2.0,
1962,1.2,29.3,Financials
1963,1.4,29.2,Financials
1964,1.8,12.4,Financials
1965,3.8,10.7,Consumer Discretionary
1966,1.2,25.6,Financials
1967,1.4,2.0,Information Technology
1968,4.5,12.3,Information Technology
1969,10.8,6.0,Information Technology
1970,0.244,4.3,Financials
1971,10.6,9.6,Energy
1972,0.868,28.8,Financials
1973,1.3,4.3,Information Technology
1974,8.5,11.0,Materials
1975,1.4,28.7,
1976,6.0,5.8,Materials
1977,10.7,7.8,Industrials
1978,6.3,4.7,Consumer Discretionary
1979,2.0,2.4,
1980,4.2,4.2,Information Technology
1981,10.7,4.3,Materials
1982,3.7,15.3,
1983,0.427,28.3,Financials
1984,8.9,8.8,Financials
1985,10.6,4.0,Information Technology
1986,3.4,10.9,Financials
1987,1.2,28.1,Financials
1988,6.8,5.8,Consumer Discretionary
1989,10.6,5.4,Consumer Discretionary
1990,0.522,28.0,Financials
1991,2.0,6.0,Energy
1992,8.4,6.8,Energy
1993,3.8,13.6,Materials
1994,10.6,4.5,Materials
1995,0.555,27.9,Financials
1996,0.63,10.2,Materials
1997,2.3,4.4,Information Technology
1998,0.523,27.9,Financials
1999,4.2,3.6,Information Technology
